scen,fuel,rx,WS,time,TFL,TFC,ROS,ROSeq,HFI,Area,BUI,FFMC,LB,FROS,CFB,a,Prob
PIMA1control12,PIMA,1control,12,2,2.53,4.12058177246537,3.2866174948544,17.4,4062.83284270885,0.000345429788575763,40,87,1.66279922358523,3.30767534768342,0.9,0.104673372559999,0.953355029728591
PIMA1control12,PIMA,1control,12,4,2.53,4.12058177246537,5.95243875077299,17.4,7358.25318544552,0.00484138112616487,40,87,1.66279922358523,3.30767534768342,0.9,0.104673372559999,0.953171637059977
PIMA1control12,PIMA,1control,12,6,2.53,4.12058177246537,8.11472352520557,17.4,10031.2145539674,0.0215682572065522,40,87,1.66279922358523,3.30767534768342,0.9,0.104673372559999,0.952483299885232
PIMA1control12,PIMA,1control,12,8,2.53,4.12058177246537,9.86858284167794,17.4,12199.2907732448,0.0602527950449327,40,87,1.66279922358523,3.30767534768342,0.9,0.104673372559999,0.950854372757589
PIMA1control12,PIMA,1control,12,10,2.53,4.12058177246537,11.2911625769416,17.4,13957.8476113466,0.130582444291276,40,87,1.66279922358523,3.30767534768342,0.9,0.104673372559999,0.947756469597917
PIMA1control12,PIMA,1control,12,12,2.53,4.12058177246537,12.4450368268178,17.4,15384.2375718737,0.241363045335897,40,87,1.66279922358523,3.30767534768342,0.9,0.104673372559999,0.942500186932649
PIMA1control12,PIMA,1control,12,14,2.53,4.12058177246537,13.380960312527,17.4,16541.2023485644,0.400170628569437,40,87,1.66279922358523,3.30767534768342,0.9,0.104673372559999,0.934094480078151
PIMA1control12,PIMA,1control,12,16,2.53,4.12058177246537,14.1401008958237,17.4,17479.6326036457,0.613281021781064,40,87,1.66279922358523,3.30767534768342,0.9,0.104673372559999,0.92101646354949
PIMA1control12,PIMA,1control,12,18,2.53,4.12058177246537,14.7558504031367,17.4,18240.8064625173,0.885745463546937,40,87,1.66279922358523,3.30767534768342,0.9,0.104673372559999,0.900856612817197
PIMA1control12,PIMA,1control,12,20,2.53,4.12058177246537,15.2552934102667,17.4,18858.2051879868,1.22153373647014,40,87,1.66279922358523,3.30767534768342,0.9,0.104673372559999,0.869817055278662
PIMA1control12,PIMA,1control,12,22,2.53,4.12058177246537,15.6603985941258,17.4,19358.9858989491,1.62369961473711,40,87,1.66279922358523,3.30767534768342,0.9,0.104673372559999,0.822171915435093
PIMA1control12,PIMA,1control,12,24,2.53,4.12058177246537,15.9889850547361,17.4,19765.17611303,2.09454390471303,40,87,1.66279922358523,3.30767534768342,0.9,0.104673372559999,0.750268089441477
PIMA1control12,PIMA,1control,12,26,2.53,4.12058177246537,16.255506112472,17.4,20094.6426567755,2.63576272645187,40,87,1.66279922358523,3.30767534768342,0.9,0.104673372559999,0.646689809054401
PIMA1control12,PIMA,1control,12,28,2.53,4.12058177246537,16.4716850569262,17.4,20361.8775622081,3.24857595348706,40,87,1.66279922358523,3.30767534768342,0.9,0.104673372559999,0.510860440169187
PIMA1control12,PIMA,1control,12,30,2.53,4.12058177246537,16.6470308116757,17.4,20578.6355184781,3.93383483108428,40,87,1.66279922358523,3.30767534768342,0.9,0.104673372559999,0.358023739205537
PIMA1control12,PIMA,1control,12,35,2.53,4.12058177246537,16.9538490063084,17.4,20957.9163565574,5.96717325151159,40,87,1.66279922358523,3.30767534768342,0.9,0.104673372559999,0.0797601589249094
PIMA1control12,PIMA,1control,12,40,2.53,4.12058177246537,17.1356456117215,17.4,21182.6486901257,8.46051612640156,40,87,1.66279922358523,3.30767534768342,0.9,0.104673372559999,0.00876284284962127
PIMA1control12,PIMA,1control,12,45,2.53,4.12058177246537,17.2433641444484,17.4,21315.8075968791,11.4141317419029,40,87,1.66279922358523,3.30767534768342,0.9,0.104673372559999,0.000591257597694943
PIMA1control12,PIMA,1control,12,50,2.53,4.12058177246537,17.3071897712606,17.4,21394.7072112167,14.8267827007129,40,87,1.66279922358523,3.30767534768342,0.9,0.104673372559999,0.0000260054352888182
PIMA1control12,PIMA,1control,12,55,2.53,4.12058177246537,17.3450078749318,17.4,21441.4569878137,18.6968838285852,40,87,1.66279922358523,3.30767534768342,0.9,0.104673372559999,0.000000752008801384102
PIMA1control12,PIMA,1control,12,60,2.53,4.12058177246537,17.3674159426112,17.4,21469.1572703845,23.0229824110668,40,87,1.66279922358523,3.30767534768342,0.9,0.104673372559999,0.0000000143236831690639
PIMA1control25,PIMA,1control,25,2,2.53,4.12058177246537,3.89105289620693,20.6,4810.02049194266,0.000408957106014984,40,87,1.66279922358523,3.30767534768342,0.9,0.104673372559999,0.953352443173527
PIMA1control25,PIMA,1control,25,4,2.53,4.12058177246537,7.0471401302255,20.6,8711.49515058493,0.00573175006890784,40,87,1.66279922358523,3.30767534768342,0.9,0.104673372559999,0.95313523710807
PIMA1control25,PIMA,1control,25,6,2.53,4.12058177246537,9.60708647236981,20.6,11876.0356213637,0.0255348332445388,40,87,1.66279922358523,3.30767534768342,0.9,0.104673372559999,0.952318664389823
PIMA1control25,PIMA,1control,25,8,2.53,4.12058177246537,11.6834946286532,20.6,14442.8385016576,0.0713337688462996,40,87,1.66279922358523,3.30767534768342,0.9,0.104673372559999,0.950378101458113
PIMA1control25,PIMA,1control,25,10,2.53,4.12058177246537,13.3676982232757,20.6,16524.8080915943,0.154597606459787,40,87,1.66279922358523,3.30767534768342,0.9,0.104673372559999,0.946656997430785
PIMA1control25,PIMA,1control,25,12,2.53,4.12058177246537,14.7337792317498,20.6,18213.5226425631,0.285751651374683,40,87,1.66279922358523,3.30767534768342,0.9,0.104673372559999,0.940257699433823
PIMA1control25,PIMA,1control,25,14,2.53,4.12058177246537,15.8418265768997,20.6,19583.2625505991,0.473765226927034,40,87,1.66279922358523,3.30767534768342,0.9,0.104673372559999,0.929823062491968
PIMA1control25,PIMA,1control,25,16,2.53,4.12058177246537,16.7405792214924,20.6,20694.2776801782,0.726068336131605,40,87,1.66279922358523,3.30767534768342,0.9,0.104673372559999,0.913170334934683
PIMA1control25,PIMA,1control,25,18,2.53,4.12058177246537,17.4695700175066,20.6,21595.4375360836,1.04864118098086,40,87,1.66279922358523,3.30767534768342,0.9,0.104673372559999,0.886717018661641
PIMA1control25,PIMA,1control,25,20,2.53,4.12058177246537,18.0608646121549,20.6,22326.3808547431,1.44618361903936,40,87,1.66279922358523,3.30767534768342,0.9,0.104673372559999,0.844704891344829
PIMA1control25,PIMA,1control,25,22,2.53,4.12058177246537,18.5404718987926,20.6,22919.2591677214,1.92231103813704,40,87,1.66279922358523,3.30767534768342,0.9,0.104673372559999,0.77863567716456
PIMA1control25,PIMA,1control,25,24,2.53,4.12058177246537,18.9294880533082,20.6,23400.1510303688,2.47974738144187,40,87,1.66279922358523,3.30767534768342,0.9,0.104673372559999,0.678603817066046
PIMA1control25,PIMA,1control,25,26,2.53,4.12058177246537,19.2450244779841,20.6,23790.2091223894,3.12050069913268,40,87,1.66279922358523,3.30767534768342,0.9,0.104673372559999,0.540091275784997
PIMA1control25,PIMA,1control,25,28,2.53,4.12058177246537,19.5009604696943,20.6,24106.590677097,3.84601520930078,40,87,1.66279922358523,3.30767534768342,0.9,0.104673372559999,0.376707413181413
PIMA1control25,PIMA,1control,25,30,2.53,4.12058177246537,19.7085537195701,20.6,24363.2121655545,4.65729870806529,40,87,1.66279922358523,3.30767534768342,0.9,0.104673372559999,0.223335749370941
PIMA1control25,PIMA,1control,25,35,2.53,4.12058177246537,20.0717982488479,20.6,24812.2458014415,7.06458442420338,40,87,1.66279922358523,3.30767534768342,0.9,0.104673372559999,0.0307580057251777
PIMA1control25,PIMA,1control,25,40,2.53,4.12058177246537,20.2870287127278,20.6,25078.3082193443,10.0164731151651,40,87,1.66279922358523,3.30767534768342,0.9,0.104673372559999,0.00212254044278069
PIMA1control25,PIMA,1control,25,45,2.53,4.12058177246537,20.414557550324,20.6,25235.9561204431,13.5132824070805,40,87,1.66279922358523,3.30767534768342,0.9,0.104673372559999,0.0000865604431789892
PIMA1control25,PIMA,1control,25,50,2.53,4.12058177246537,20.4901212234465,20.6,25329.3660086818,17.5535473353268,40,87,1.66279922358523,3.30767534768342,0.9,0.104673372559999,0.0000021421133186557
PIMA1control25,PIMA,1control,25,55,2.53,4.12058177246537,20.5348943806664,20.6,25384.7134453427,22.1353911993594,40,87,1.66279922358523,3.30767534768342,0.9,0.104673372559999,0.000000032283743657369
PIMA1control25,PIMA,1control,25,60,2.53,4.12058177246537,20.5614234722868,20.6,25417.508032754,27.2570941188492,40,87,1.66279922358523,3.30767534768342,0.9,0.104673372559999,0.000000000296799067281742
PIMAstrip_parallel12,PIMA,strip_parallel,12,2,1.8,4.09358177246537,2.85217955013227,15.1,3502.68906546598,0.000299769529166323,40,87,1.66279922358523,3.30767534768342,0.9,0.104673372559999,0.953356888730789
PIMAstrip_parallel12,PIMA,strip_parallel,12,4,1.8,4.09358177246537,5.16562213429151,15.1,6343.76898371382,0.00420142844856837,40,87,1.66279922358523,3.30767534768342,0.9,0.104673372559999,0.95319778291881
PIMAstrip_parallel12,PIMA,strip_parallel,12,6,1.8,4.09358177246537,7.04208765693127,15.1,8648.20850175516,0.0187172806792493,40,87,1.66279922358523,3.30767534768342,0.9,0.104673372559999,0.952601297892337
PIMAstrip_parallel12,PIMA,strip_parallel,12,8,1.8,4.09358177246537,8.56411499478948,15.1,10517.3715119903,0.0522883451252002,40,87,1.66279922358523,3.30767534768342,0.9,0.104673372559999,0.951194011777698
PIMAstrip_parallel12,PIMA,strip_parallel,12,10,1.8,4.09358177246537,9.79865258113899,15.1,12033.4756802614,0.113321546482659,40,87,1.66279922358523,3.30767534768342,0.9,0.104673372559999,0.948533452849771
PIMAstrip_parallel12,PIMA,strip_parallel,12,12,1.8,4.09358177246537,10.8000032232729,15.1,13263.2089012072,0.20945873474552,40,87,1.66279922358523,3.30767534768342,0.9,0.104673372559999,0.944062900766178
PIMAstrip_parallel12,PIMA,strip_parallel,12,14,1.8,4.09358177246537,11.612212685009,15.1,14260.6626556032,0.347274510999914,40,87,1.66279922358523,3.30767534768342,0.9,0.104673372559999,0.937013976476524
PIMAstrip_parallel12,PIMA,strip_parallel,12,16,1.8,4.09358177246537,12.2710070992493,15.1,15069.711297384,0.532215139591613,40,87,1.66279922358523,3.30767534768342,0.9,0.104673372559999,0.926249765731506
PIMAstrip_parallel12,PIMA,strip_parallel,12,18,1.8,4.09358177246537,12.8053644303083,15.1,15725.9419265059,0.768664166641307,40,87,1.66279922358523,3.30767534768342,0.9,0.104673372559999,0.910027827678567
PIMAstrip_parallel12,PIMA,strip_parallel,12,20,1.8,4.09358177246537,13.2387891089096,15.1,16258.2197357236,1.06006663337352,40,87,1.66279922358523,3.30767534768342,0.9,0.104673372559999,0.885661976392628
PIMAstrip_parallel12,PIMA,strip_parallel,12,22,1.8,4.09358177246537,13.5903459063965,15.1,16689.9576851772,1.40907265416841,40,87,1.66279922358523,3.30767534768342,0.9,0.104673372559999,0.849110003895193
PIMAstrip_parallel12,PIMA,strip_parallel,12,24,1.8,4.09358177246537,13.8754985245123,15.1,17040.1463531441,1.81767890581418,40,87,1.66279922358523,3.30767534768342,0.9,0.104673372559999,0.794706328800553
PIMAstrip_parallel12,PIMA,strip_parallel,12,26,1.8,4.09358177246537,14.1067897872602,15.1,17324.1892623387,2.28735730858755,40,87,1.66279922358523,3.30767534768342,0.9,0.104673372559999,0.715756540953528
PIMAstrip_parallel12,PIMA,strip_parallel,12,28,1.8,4.09358177246537,14.2943933539992,15.1,17554.5804247144,2.81916648837096,40,87,1.66279922358523,3.30767534768342,0.9,0.104673372559999,0.607449025382698
PIMAstrip_parallel12,PIMA,strip_parallel,12,30,1.8,4.09358177246537,14.4465612216266,15.1,17741.4539074967,3.41384516950417,40,87,1.66279922358523,3.30767534768342,0.9,0.104673372559999,0.473059492242132
PIMAstrip_parallel12,PIMA,strip_parallel,12,35,1.8,4.09358177246537,14.7128229882332,15.1,18068.4432018423,5.17840897113937,40,87,1.66279922358523,3.30767534768342,0.9,0.104673372559999,0.151428160137708
PIMAstrip_parallel12,PIMA,strip_parallel,12,40,1.8,4.09358177246537,14.8705890078733,15.1,18262.1916325362,7.34217204072779,40,87,1.66279922358523,3.30767534768342,0.9,0.104673372559999,0.0240209640752084
PIMAstrip_parallel12,PIMA,strip_parallel,12,45,1.8,4.09358177246537,14.9640688839753,15.1,18376.9918876073,9.90536720130655,40,87,1.66279922358523,3.30767534768342,0.9,0.104673372559999,0.00234928583567619
PIMAstrip_parallel12,PIMA,strip_parallel,12,50,1.8,4.09358177246537,15.019457790002,15.1,18445.0135924396,12.8669206195842,40,87,1.66279922358523,3.30767534768342,0.9,0.104673372559999,0.000156422516647678
PIMAstrip_parallel12,PIMA,strip_parallel,12,55,1.8,4.09358177246537,15.0522769489351,15.1,18485.3179656784,16.2254566558411,40,87,1.66279922358523,3.30767534768342,0.9,0.104673372559999,0.00000722642320110511
PIMAstrip_parallel12,PIMA,strip_parallel,12,60,1.8,4.09358177246537,15.0717230306568,15.1,18509.199203383,19.9797146210982,40,87,1.66279922358523,3.30767534768342,0.9,0.104673372559999,0.000000232346690636987
PIMAstrip_parallel25,PIMA,strip_parallel,25,2,1.8,4.09358177246537,4.7599287856512,25.2,5845.54731455249,0.000500277624833864,40,87,1.66279922358523,3.30767534768342,0.9,0.104673372559999,0.953348724761635
PIMAstrip_parallel25,PIMA,strip_parallel,25,4,1.8,4.09358177246537,8.62077336318847,25.2,10586.952211231,0.00701165542410085,40,87,1.66279922358523,3.30767534768342,0.9,0.104673372559999,0.9530828650422
PIMAstrip_parallel25,PIMA,strip_parallel,25,6,1.8,4.09358177246537,11.7523582089184,25.2,14432.7718042536,0.0312367862991446,40,87,1.66279922358523,3.30767534768342,0.9,0.104673372559999,0.95208105129926
PIMAstrip_parallel25,PIMA,strip_parallel,25,8,1.8,4.09358177246537,14.2924303224301,25.2,17552.1696756394,0.0872626686857645,40,87,1.66279922358523,3.30767534768342,0.9,0.104673372559999,0.949685792270115
PIMAstrip_parallel25,PIMA,strip_parallel,25,10,1.8,4.09358177246537,16.352718214881,25.2,20082.3567644098,0.189119402077021,40,87,1.66279922358523,3.30767534768342,0.9,0.104673372559999,0.945038202139208
PIMAstrip_parallel25,PIMA,strip_parallel,25,12,1.8,4.09358177246537,18.0238464388395,25.2,22134.6267755245,0.349560272555437,40,87,1.66279922358523,3.30767534768342,0.9,0.104673372559999,0.936890350801425
PIMAstrip_parallel25,PIMA,strip_parallel,25,14,1.8,4.09358177246537,19.3793218319356,25.2,23799.2515841855,0.579557462066081,40,87,1.66279922358523,3.30767534768342,0.9,0.104673372559999,0.923233559134558
PIMAstrip_parallel25,PIMA,strip_parallel,25,16,1.8,4.09358177246537,20.4787668146412,25.2,25149.4519664952,0.888200100510507,40,87,1.66279922358523,3.30767534768342,0.9,0.104673372559999,0.900655708989964
PIMAstrip_parallel25,PIMA,strip_parallel,25,18,1.8,4.09358177246537,21.3705419631635,25.2,26244.6183144337,1.28280377479212,40,87,1.66279922358523,3.30767534768342,0.9,0.104673372559999,0.86333207567844
PIMAstrip_parallel25,PIMA,strip_parallel,25,20,1.8,4.09358177246537,22.0938732148691,25.2,27132.9230026647,1.76911782523262,40,87,1.66279922358523,3.30767534768342,0.9,0.104673372559999,0.80186507023127
PIMAstrip_parallel25,PIMA,strip_parallel,25,22,1.8,4.09358177246537,22.6805772742511,25.2,27853.43931566,2.35156495927443,40,87,1.66279922358523,3.30767534768342,0.9,0.104673372559999,0.703646382122739
PIMAstrip_parallel25,PIMA,strip_parallel,25,24,1.8,4.09358177246537,23.1564611137557,25.2,28437.860139022,3.03347737923956,40,87,1.66279922358523,3.30767534768342,0.9,0.104673372559999,0.559808725620962
PIMAstrip_parallel25,PIMA,strip_parallel,25,26,1.8,4.09358177246537,23.5424571284078,25.2,28911.8920139693,3.81731153486134,40,87,1.66279922358523,3.30767534768342,0.9,0.104673372559999,0.382897664594439
PIMAstrip_parallel25,PIMA,strip_parallel,25,28,1.8,4.09358177246537,23.8555438755483,25.2,29296.3858743577,4.70483413953299,40,87,1.66279922358523,3.30767534768342,0.9,0.104673372559999,0.215877559006089
PIMAstrip_parallel25,PIMA,strip_parallel,25,30,1.8,4.09358177246537,24.1094928996683,25.2,29608.2542032396,5.69727803122551,40,87,1.66279922358523,3.30767534768342,0.9,0.104673372559999,0.0998850030786121
PIMAstrip_parallel25,PIMA,strip_parallel,25,35,1.8,4.09358177246537,24.5538502849984,25.2,30153.9581911539,8.64211298494783,40,87,1.66279922358523,3.30767534768342,0.9,0.104673372559999,0.00743054645751717
PIMAstrip_parallel25,PIMA,strip_parallel,25,40,1.8,4.09358177246537,24.8171419204243,25.2,30477.2999430405,12.2531612865126,40,87,1.66279922358523,3.30767534768342,0.9,0.104673372559999,0.00027434345860385
PIMAstrip_parallel25,PIMA,strip_parallel,25,45,1.8,4.09358177246537,24.9731480712701,25.2,30668.887123689,16.5308114882732,40,87,1.66279922358523,3.30767534768342,0.9,0.104673372559999,0.00000546395593739898
PIMAstrip_parallel25,PIMA,strip_parallel,25,50,1.8,4.09358177246537,25.0655851859637,25.2,30782.4067900317,21.4732714975842,40,87,1.66279922358523,3.30767534768342,0.9,0.104673372559999,0.0000000591915583980383
PIMAstrip_parallel25,PIMA,strip_parallel,25,55,1.8,4.09358177246537,25.1203562326599,25.2,30849.669717556,27.0782455448475,40,87,1.66279922358523,3.30767534768342,0.9,0.104673372559999,0.00000000034960476587712
PIMAstrip_parallel25,PIMA,strip_parallel,25,60,1.8,4.09358177246537,25.1528092961955,25.2,30889.524498361,33.3436296987864,40,87,1.66279922358523,3.30767534768342,0.9,0.104673372559999,0.00000000000112797317766035
PIMAstrip_perp12,PIMA,strip_perp,12,2,1.79,4.09358177246537,2.22885554248747,11.8,2737.20072665554,0.000234256983057127,40,87,1.66279922358523,3.30767534768342,0.9,0.104673372559999,0.953359555871733
PIMAstrip_perp12,PIMA,strip_perp,12,4,1.79,4.09358177246537,4.03671133673111,11.8,4957.38238462404,0.00328323547636468,40,87,1.66279922358523,3.30767534768342,0.9,0.104673372559999,0.953235272296915
PIMAstrip_perp12,PIMA,strip_perp,12,6,1.79,4.09358177246537,5.50308836766814,11.8,6758.20267024575,0.0146267491400757,40,87,1.66279922358523,3.30767534768342,0.9,0.104673372559999,0.952770113113139
PIMAstrip_perp12,PIMA,strip_perp,12,8,1.79,4.09358177246537,6.69248721447125,11.8,8218.87310208511,0.0408610908925406,40,87,1.66279922358523,3.30767534768342,0.9,0.104673372559999,0.951677432366701
PIMAstrip_perp12,PIMA,strip_perp,12,10,1.79,4.09358177246537,7.65722519585696,11.8,9403.64324682679,0.0885559104963829,40,87,1.66279922358523,3.30767534768342,0.9,0.104673372559999,0.949629185047873
PIMAstrip_perp12,PIMA,strip_perp,12,12,1.79,4.09358177246537,8.43973761818676,11.8,10364.6268234599,0.163682984768022,40,87,1.66279922358523,3.30767534768342,0.9,0.104673372559999,0.946235381050129
PIMAstrip_perp12,PIMA,strip_perp,12,14,1.79,4.09358177246537,9.0744443498746,11.8,11144.0939957694,0.271380081443641,40,87,1.66279922358523,3.30767534768342,0.9,0.104673372559999,0.940992566024781
PIMAstrip_perp12,PIMA,strip_perp,12,16,1.79,4.09358177246537,9.58926382590342,11.8,11776.3306827239,0.415903221667618,40,87,1.66279922358523,3.30767534768342,0.9,0.104673372559999,0.933202161960003
PIMAstrip_perp12,PIMA,strip_perp,12,18,1.79,4.09358177246537,10.0068410779892,11.8,12289.1466710443,0.600677958037578,40,87,1.66279922358523,3.30767534768342,0.9,0.104673372559999,0.92185179887936
PIMAstrip_perp12,PIMA,strip_perp,12,20,1.79,4.09358177246537,10.3455438069625,11.8,12705.0988663271,0.828396441974005,40,87,1.66279922358523,3.30767534768342,0.9,0.104673372559999,0.905448507949218
PIMAstrip_perp12,PIMA,strip_perp,12,22,1.79,4.09358177246537,10.6202703109589,11.8,13042.4834890789,1.10112962378724,40,87,1.66279922358523,3.30767534768342,0.9,0.104673372559999,0.881799278873164
PIMAstrip_perp12,PIMA,strip_perp,12,24,1.79,4.09358177246537,10.8431048072348,11.8,13316.1408587484,1.42043782043757,40,87,1.66279922358523,3.30767534768342,0.9,0.104673372559999,0.847771970131401
PIMAstrip_perp12,PIMA,strip_perp,12,26,1.79,4.09358177246537,11.0238489728259,11.8,13538.1081652714,1.78747127426047,40,87,1.66279922358523,3.30767534768342,0.9,0.104673372559999,0.799181774155575
PIMAstrip_perp12,PIMA,strip_perp,12,28,1.79,4.09358177246537,11.1704530845822,11.8,13718.1489411676,2.20305725581307,40,87,1.66279922358523,3.30767534768342,0.9,0.104673372559999,0.731194481392453
PIMAstrip_perp12,PIMA,strip_perp,12,30,1.79,4.09358177246537,11.2893657228605,11.8,13864.1825237391,2.6677730463675,40,87,1.66279922358523,3.30767534768342,0.9,0.104673372559999,0.639965117540769
PIMAstrip_perp12,PIMA,strip_perp,12,35,1.79,4.09358177246537,11.4974378318643,11.8,14119.710581572,4.04670369930097,40,87,1.66279922358523,3.30767534768342,0.9,0.104673372559999,0.334635957334519
PIMAstrip_perp12,PIMA,strip_perp,12,40,1.79,4.09358177246537,11.6207251849606,11.8,14271.1166399952,5.73759139606542,40,87,1.66279922358523,3.30767534768342,0.9,0.104673372559999,0.0966151952548346
PIMAstrip_perp12,PIMA,strip_perp,12,45,1.79,4.09358177246537,11.6937756841662,11.8,14360.8280976005,7.7406180778422,40,87,1.66279922358523,3.30767534768342,0.9,0.104673372559999,0.0168019054617415
PIMAstrip_perp12,PIMA,strip_perp,12,50,1.79,4.09358177246537,11.7370597299354,11.8,14413.9841318403,10.0549445901386,40,87,1.66279922358523,3.30767534768342,0.9,0.104673372559999,0.00204922963068896
PIMAstrip_perp12,PIMA,strip_perp,12,55,1.79,4.09358177246537,11.7627064898963,11.8,14445.4802645699,12.6794959297302,40,87,1.66279922358523,3.30767534768342,0.9,0.104673372559999,0.000185699805783199
PIMAstrip_perp12,PIMA,strip_perp,12,60,1.79,4.09358177246537,11.7779027656788,11.8,14464.1424238357,15.6132869224476,40,87,1.66279922358523,3.30767534768342,0.9,0.104673372559999,0.000012657138463335
PIMAstrip_perp25,PIMA,strip_perp,25,2,1.79,4.09358177246537,4.15549338429867,22,5103.25559206964,0.000436750307394643,40,87,1.66279922358523,3.30767534768342,0.9,0.104673372559999,0.953351311512792
PIMAstrip_perp25,PIMA,strip_perp,25,4,1.79,4.09358177246537,7.52607198373597,22,9242.57732726516,0.00612128648135788,40,87,1.66279922358523,3.30767534768342,0.9,0.104673372559999,0.953119303670839
PIMAstrip_perp25,PIMA,strip_perp,25,6,1.79,4.09358177246537,10.2599952617542,22,12600.0388767294,0.027270210261158,40,87,1.66279922358523,3.30767534768342,0.9,0.104673372559999,0.952246466091611
PIMAstrip_perp25,PIMA,strip_perp,25,8,1.79,4.09358177246537,12.4775185354549,22,15323.3227327011,0.0761816948843976,40,87,1.66279922358523,3.30767534768342,0.9,0.104673372559999,0.950168359948182
PIMAstrip_perp25,PIMA,strip_perp,25,10,1.79,4.09358177246537,14.2761825685469,22,17532.2162228974,0.165104239908511,40,87,1.66279922358523,3.30767534768342,0.9,0.104673372559999,0.946169142583186
PIMAstrip_perp25,PIMA,strip_perp,25,12,1.79,4.09358177246537,15.7351040339075,22,19323.880518315,0.305171666516652,40,87,1.66279922358523,3.30767534768342,0.9,0.104673372559999,0.939251068778383
PIMAstrip_perp25,PIMA,strip_perp,25,14,1.79,4.09358177246537,16.9184555675628,22,20777.1243988921,0.505962863708483,40,87,1.66279922358523,3.30767534768342,0.9,0.104673372559999,0.927874944915472
PIMAstrip_perp25,PIMA,strip_perp,25,16,1.79,4.09358177246537,17.8782884889725,22,21955.8707644006,0.775412786159966,40,87,1.66279922358523,3.30767534768342,0.9,0.104673372559999,0.909520640355753
PIMAstrip_perp25,PIMA,strip_perp,25,18,1.79,4.09358177246537,18.6568223487935,22,22911.9683697437,1.1199080573582,40,87,1.66279922358523,3.30767534768342,0.9,0.104673372559999,0.879995476520467
PIMAstrip_perp25,PIMA,strip_perp,25,20,1.79,4.09358177246537,19.2883020129809,22,23687.4724626437,1.5444679426634,40,87,1.66279922358523,3.30767534768342,0.9,0.104673372559999,0.832531275962914
PIMAstrip_perp25,PIMA,strip_perp,25,22,1.79,4.09358177246537,19.8005039695843,22,24316.4946406556,2.05295353587451,40,87,1.66279922358523,3.30767534768342,0.9,0.104673372559999,0.757334557472717
PIMAstrip_perp25,PIMA,strip_perp,25,24,1.79,4.09358177246537,20.2159581151836,22,24826.7032959717,2.64827390251073,40,87,1.66279922358523,3.30767534768342,0.9,0.104673372559999,0.644068210440441
PIMAstrip_perp25,PIMA,strip_perp,25,26,1.79,4.09358177246537,20.5529387628957,22,25240.540647116,3.33257356218053,40,87,1.66279922358523,3.30767534768342,0.9,0.104673372559999,0.491636562640572
PIMAstrip_perp25,PIMA,strip_perp,25,28,1.79,4.09358177246537,20.8262684627803,22,25576.2098903123,4.10739488371928,40,87,1.66279922358523,3.30767534768342,0.9,0.104673372559999,0.322379507069014
PIMAstrip_perp25,PIMA,strip_perp,25,30,1.79,4.09358177246537,21.0479699917739,22,25848.4758917171,4.97381415424449,40,87,1.66279922358523,3.30767534768342,0.9,0.104673372559999,0.177099568843029
PIMAstrip_perp25,PIMA,strip_perp,25,35,1.79,4.09358177246537,21.4359010424589,22,26324.8841351344,7.54470181225604,40,87,1.66279922358523,3.30767534768342,0.9,0.104673372559999,0.0200368126656234
PIMAstrip_perp25,PIMA,strip_perp,25,40,1.79,4.09358177246537,21.665758819418,22,26607.1666169401,10.6972042977491,40,87,1.66279922358523,3.30767534768342,0.9,0.104673372559999,0.00113921952920303
PIMAstrip_perp25,PIMA,strip_perp,25,45,1.79,4.09358177246537,21.8019546653945,22,26774.4252667126,14.4316608230956,40,87,1.66279922358523,3.30767534768342,0.9,0.104673372559999,0.0000373396178957463
PIMAstrip_perp25,PIMA,strip_perp,25,50,1.79,4.09358177246537,21.8826537337778,22,26873.5297373292,18.7465068629703,40,87,1.66279922358523,3.30767534768342,0.9,0.104673372559999,0.000000718607156266876
PIMAstrip_perp25,PIMA,strip_perp,25,55,1.79,4.09358177246537,21.9304697269253,22,26932.2513407235,23.6397381740732,40,87,1.66279922358523,3.30767534768342,0.9,0.104673372559999,0.00000000814360474753758
PIMAstrip_perp25,PIMA,strip_perp,25,60,1.79,4.09358177246537,21.9588017665199,22,26967.0451969819,29.109517991004,40,87,1.66279922358523,3.30767534768342,0.9,0.104673372559999,0.0000000000544365950801299
PIBA1control12,PIBA,1control,12,2,,5,7.77,,261.5227436924,0.0000387314960603146,,,,,,,0.953367515225496
PIBA1control12,PIBA,1control,12,4,,5,7.77,,498.9688381397,0.000563965,,,,,,,0.953346131356195
PIBA1control12,PIBA,1control,12,6,,5,7.77,,714.81996579,0.0026042412,,,,,,,0.953262976938782
PIBA1control12,PIBA,1control,12,8,,5,7.77,,911.2856193541,0.0075244431,,,,,,,0.95306186682684
PIBA1control12,PIBA,1control,12,10,,5,7.77,,1090.334155944,0.0168307933,,,,,,,0.952679223880989
PIBA1control12,PIBA,1control,12,12,,5,7.77,,1253.7202102178,0.0320441753,,,,,,,0.952047314843992
PIBA1control12,PIBA,1control,12,14,,5,7.77,,1403.0089020604,0.0546213309,,,,,,,0.951094754313664
PIBA1control12,PIBA,1control,12,16,,5,7.77,,1539.5972214296,0.0859091765,,,,,,,0.949744972221952
PIBA1control12,PIBA,1control,12,18,,5,7.77,,1664.7329265978,0.1271216446,,,,,,,0.947913137464584
PIBA1control12,PIBA,1control,12,20,,5,7.77,,1779.5312513181,0.1793315009,,,,,,,0.945501818382787
PIBA1control12,PIBA,1control,12,22,,5,7.77,,1884.9896807316,0.2434718015,,,,,,,0.942395465499277
PIBA1control12,PIBA,1control,12,24,,5,7.77,,1982.0010244928,0.3203432565,,,,,,,0.93845363865402
PIBA1control12,PIBA,1control,12,26,,5,7.77,,2071.3649880833,0.410624929,,,,,,,0.933502778446901
PIBA1control12,PIBA,1control,12,28,,5,7.77,,2153.7984191322,0.5148865223,,,,,,,0.927326254614489
PIBA1control12,PIBA,1control,12,30,,5,7.77,,2229.9443843535,0.6336011055,,,,,,,0.919652438863288
PIBA1control12,PIBA,1control,12,35,,5,7.77,,2396.4477170104,0.9959954608,,,,,,,0.891469274239115
PIBA1control12,PIBA,1control,12,40,,5,7.77,,2534.6456293299,1.4552574588,,,,,,,0.843611974447642
PIBA1control12,PIBA,1control,12,45,,5,7.77,,2650.3387018008,2.0137851683,,,,,,,0.763864147331159
PIBA1control12,PIBA,1control,12,50,,5,7.77,,2748.0113919081,2.6727751184,,,,,,,0.638909227205324
PIBA1control12,PIBA,1control,12,55,,5,7.77,,2831.1500674988,3.432705238,,,,,,,0.468757217737996
PIBA1control12,PIBA,1control,12,60,,5,7.77,,2902.4808682495,4.2936494668,,,,,,,0.286307344846234
PIBA1control25,PIBA,1control,25,2,,5,13,,394.222679088,0.0000638162448838245,,,,,,,0.953366494160325
PIBA1control25,PIBA,1control,25,4,,5,13,,749.1100096183,0.0009217205,,,,,,,0.953331560691722
PIBA1control25,PIBA,1control,25,6,,5,13,,1069.0544155078,0.0042236718,,,,,,,0.953196874379005
PIBA1control25,PIBA,1control,25,8,,5,13,,1357.9265167029,0.0121149202,,,,,,,0.95287349232087
PIBA1control25,PIBA,1control,25,10,,5,13,,1619.1396022638,0.0269126606,,,,,,,0.952261350008564
PIBA1control25,PIBA,1control,25,12,,5,13,,1855.7059175204,0.0509059846,,,,,,,0.951252734452225
PIBA1control25,PIBA,1control,25,14,,5,13,,2070.2858256094,0.0862392027,,,,,,,0.949730548271042
PIBA1control25,PIBA,1control,25,16,,5,13,,2265.2307642482,0.1348506089,,,,,,,0.947562639718286
PIBA1control25,PIBA,1control,25,18,,5,13,,2442.6207977054,0.1984472822,,,,,,,0.944592920617841
PIBA1control25,PIBA,1control,25,20,,5,13,,2604.297459107,0.2785025718,,,,,,,0.940629434249274
PIBA1control25,PIBA,1control,25,22,,5,13,,2751.8924873075,0.3762671735,,,,,,,0.935429045749511
PIBA1control25,PIBA,1control,25,24,,5,13,,2886.8529836872,0.4927877038,,,,,,,0.928678065503036
PIBA1control25,PIBA,1control,25,26,,5,13,,3010.4634458094,0.6289287625,,,,,,,0.919967969699728
PIBA1control25,PIBA,1control,25,28,,5,13,,3123.8650754754,0.7853959228,,,,,,,0.908765643750586
PIBA1control25,PIBA,1control,25,30,,5,13,,3228.0727071541,0.9627580742,,,,,,,0.894378651314387
PIBA1control25,PIBA,1control,25,35,,5,13,,3454.0565484103,1.5003169634,,,,,,,0.838091696649918
PIBA1control25,PIBA,1control,25,40,,5,13,,3639.6009013441,2.1757828773,,,,,,,0.736074187816936
PIBA1control25,PIBA,1control,25,45,,5,13,,3793.4848454091,2.9915053139,,,,,,,0.569255452939673
PIBA1control25,PIBA,1control,25,50,,5,13,,3922.3692392075,3.9484350781,,,,,,,0.354957179916442
PIBA1control25,PIBA,1control,25,55,,5,13,,4031.3423368357,5.04676151,,,,,,,0.167575111738166
PIBA1control25,PIBA,1control,25,60,,5,13,,4124.3185573369,6.2862977795,,,,,,,0.0607799290098422
PIBAthinned_90pct12,PIBA,thinned_90pct,12,2,,,,,279.1060653459,0.0001312473,,,,,,,0.953363749299436
PIBAthinned_90pct12,PIBA,thinned_90pct,12,4,,,,,536.6594459131,0.0019409271,,,,,,,0.953290026718524
PIBAthinned_90pct12,PIBA,thinned_90pct,12,6,,,,,774.525003083,0.009096306,,,,,,,0.952997444703702
PIBAthinned_90pct12,PIBA,thinned_90pct,12,8,,,,,994.3958293242,0.026655709,,,,,,,0.95227204355321
PIBAthinned_90pct12,PIBA,thinned_90pct,12,10,,,,,1197.8097096247,0.0604320511,,,,,,,0.950846702761588
PIBAthinned_90pct12,PIBA,thinned_90pct,12,12,,,,,1386.1639614559,0.1165422439,,,,,,,0.948389310247445
PIBAthinned_90pct12,PIBA,thinned_90pct,12,14,,,,,1560.7288162315,0.2010956359,,,,,,,0.944465879464445
PIBAthinned_90pct12,PIBA,thinned_90pct,12,16,,,,,1722.6594885938,0.3199856651,,,,,,,0.938472545984064
PIBAthinned_90pct12,PIBA,thinned_90pct,12,18,,,,,1873.0070649438,0.4787574198,,,,,,,0.929524228738588
PIBAthinned_90pct12,PIBA,thinned_90pct,12,20,,,,,2012.7283292568,0.6825303793,,,,,,,0.916279381352028
PIBAthinned_90pct12,PIBA,thinned_90pct,12,22,,,,,2142.6946322288,0.9359606738,,,,,,,0.896674020046616
PIBAthinned_90pct12,PIBA,thinned_90pct,12,24,,,,,2263.6998990365,1.2432310919,,,,,,,0.867551017997959
PIBAthinned_90pct12,PIBA,thinned_90pct,12,26,,,,,2376.4678613404,1.6080600521,,,,,,,0.824255790130889
PIBAthinned_90pct12,PIBA,thinned_90pct,12,28,,,,,2481.6585904955,2.0337230326,,,,,,,0.760555642512326
PIBAthinned_90pct12,PIBA,thinned_90pct,12,30,,,,,2579.8744011606,2.5230816926,,,,,,,0.6698899633426
PIBAthinned_90pct12,PIBA,thinned_90pct,12,35,,,,,2798.3912925486,4.0405887166,,,,,,,0.335883681456237
PIBAthinned_90pct12,PIBA,thinned_90pct,12,40,,,,,2983.9988908558,6.0007975322,,,,,,,0.0775295987777158
PIBAthinned_90pct12,PIBA,thinned_90pct,12,45,,,,,3142.5993055769,8.4235415888,,,,,,,0.00906183264148424
PIBAthinned_90pct12,PIBA,thinned_90pct,12,50,,,,,3278.9309582092,11.3212981931,,,,,,,0.00064367549027795
PIBAthinned_90pct12,PIBA,thinned_90pct,12,55,,,,,3396.8118649675,14.7014456616,,,,,,,0.0000291675531809597
PIBAthinned_90pct12,PIBA,thinned_90pct,12,60,,,,,3499.330012153,18.5679509534,,,,,,,0.000000846232935389997
PIBAthinned_90pct25,PIBA,thinned_90pct,25,2,,,,,458.1125360867,0.000255747,,,,,,,0.953358680988064
PIBAthinned_90pct25,PIBA,thinned_90pct,25,4,,,,,877.945671315,0.0037571754,,,,,,,0.953215925124621
PIBAthinned_90pct25,PIBA,thinned_90pct,25,6,,,,,1263.0822054874,0.0174973363,,,,,,,0.952651704606459
PIBAthinned_90pct25,PIBA,thinned_90pct,25,8,,,,,1616.7480295038,0.0509648628,,,,,,,0.951250234673639
PIBAthinned_90pct25,PIBA,thinned_90pct,25,10,,,,,1941.8491144478,0.1148780797,,,,,,,0.948463837665729
PIBAthinned_90pct25,PIBA,thinned_90pct,25,12,,,,,2241.0045608189,0.2203201292,,,,,,,0.943535433887883
PIBAthinned_90pct25,PIBA,thinned_90pct,25,14,,,,,2516.5761360756,0.3781659514,,,,,,,0.935323960619451
PIBAthinned_90pct25,PIBA,thinned_90pct,25,16,,,,,2770.6946814024,0.5987196502,,,,,,,0.921980868149724
PIBAthinned_90pct25,PIBA,thinned_90pct,25,18,,,,,3005.2837266391,0.8915016971,,,,,,,0.900384913159178
PIBAthinned_90pct25,PIBA,thinned_90pct,25,20,,,,,3222.0806150233,1.2651412033,,,,,,,0.865228934582371
PIBAthinned_90pct25,PIBA,thinned_90pct,25,22,,,,,3422.6554062575,1.7273403546,,,,,,,0.807872056308592
PIBAthinned_90pct25,PIBA,thinned_90pct,25,24,,,,,3608.4277969675,2.2848870038,,,,,,,0.716216463351874
PIBAthinned_90pct25,PIBA,thinned_90pct,25,26,,,,,3780.6822714432,2.9436980636,,,,,,,0.579954063922783
PIBAthinned_90pct25,PIBA,thinned_90pct,25,28,,,,,3940.5816722806,3.7088812937,,,,,,,0.406611311101527
PIBAthinned_90pct25,PIBA,thinned_90pct,25,30,,,,,4089.1793598567,4.5848067427,,,,,,,0.235059274816587
PIBAthinned_90pct25,PIBA,thinned_90pct,25,35,,,,,4417.27792493,7.2820179178,,,,,,,0.025346558394533
PIBAthinned_90pct25,PIBA,thinned_90pct,25,40,,,,,4693.1287761751,10.7362132593,,,,,,,0.00109929387836256
PIBAthinned_90pct25,PIBA,thinned_90pct,25,45,,,,,4926.6915412106,14.9741430038,,,,,,,0.0000227232941420025
PIBAthinned_90pct25,PIBA,thinned_90pct,25,50,,,,,5125.8324205778,20.0112869996,,,,,,,0.00000022572647562815
PIBAthinned_90pct25,PIBA,thinned_90pct,25,55,,,,,5296.7916163866,25.8557630207,,,,,,,0.00000000107070041721605
PIBAthinned_90pct25,PIBA,thinned_90pct,25,60,,,,,5444.5420631315,32.5110817573,,,,,,,0.00000000000241736003852597
PIBAthinned_grid12,PIBA,thinned_grid,12,2,,,,,255.8442862939,0.0001372076,,,,,,,0.95336350667098
PIBAthinned_grid12,PIBA,thinned_grid,12,4,,,,,496.6639595076,0.0020682927,,,,,,,0.95328483393704
PIBAthinned_grid12,PIBA,thinned_grid,12,6,,,,,723.4486485123,0.0098738074,,,,,,,0.952965548080189
PIBAthinned_grid12,PIBA,thinned_grid,12,8,,,,,937.1185579429,0.0294534236,,,,,,,0.952155488598061
PIBAthinned_grid12,PIBA,thinned_grid,12,10,,,,,1138.5295369404,0.067929018,,,,,,,0.950524904737612
PIBAthinned_grid12,PIBA,thinned_grid,12,12,,,,,1328.4777674541,0.1331796305,,,,,,,0.947638604537518
PIBAthinned_grid12,PIBA,thinned_grid,12,14,,,,,1507.7041012423,0.2334828769,,,,,,,0.942889938144455
PIBAthinned_grid12,PIBA,thinned_grid,12,16,,,,,1676.8980724436,0.3772419912,,,,,,,0.935375115737076
PIBAthinned_grid12,PIBA,thinned_grid,12,18,,,,,1836.7016105026,0.572781465,,,,,,,0.923672096150072
PIBAthinned_grid12,PIBA,thinned_grid,12,20,,,,,1987.7124763092,0.8281973772,,,,,,,0.905464110109799
PIBAthinned_grid12,PIBA,thinned_grid,12,22,,,,,2130.4874426398,1.1512510818,,,,,,,0.876931814020684
PIBAthinned_grid12,PIBA,thinned_grid,12,24,,,,,2265.5452383547,1.5492970456,,,,,,,0.831913929038489
PIBAthinned_grid12,PIBA,thinned_grid,12,26,,,,,2393.3692742991,2.0292373659,,,,,,,0.761302758078592
PIBAthinned_grid12,PIBA,thinned_grid,12,28,,,,,2514.4101674704,2.5974969312,,,,,,,0.654652920082292
PIBAthinned_grid12,PIBA,thinned_grid,12,30,,,,,2629.0880787342,3.2600143624,,,,,,,0.508243243341039
PIBAthinned_grid12,PIBA,thinned_grid,12,35,,,,,2890.4522338145,5.3633287037,,,,,,,0.130931246821234
PIBAthinned_grid12,PIBA,thinned_grid,12,40,,,,,3119.8664849242,8.1612885355,,,,,,,0.0114928538010811
PIBAthinned_grid12,PIBA,thinned_grid,12,45,,,,,3321.9130498541,11.7103070095,,,,,,,0.000450890194252275
PIBAthinned_grid12,PIBA,thinned_grid,12,50,,,,,3500.4576577662,16.0530071163,,,,,,,0.00000846239408304354
PIBAthinned_grid12,PIBA,thinned_grid,12,55,,,,,3658.7677461531,21.2208020843,,,,,,,0.0000000745844218285407
PIBAthinned_grid12,PIBA,thinned_grid,12,60,,,,,3799.6104401952,27.2362541164,,,,,,,0.000000000302516491590144
PIBAthinned_grid25,PIBA,thinned_grid,25,2,,,,,419.1666135774,0.0002900398,,,,,,,0.953357284855828
PIBAthinned_grid25,PIBA,thinned_grid,25,4,,,,,810.1876159983,0.0043342639,,,,,,,0.953192356945407
PIBAthinned_grid25,PIBA,thinned_grid,25,6,,,,,1175.181768725,0.0205180819,,,,,,,0.952526797634215
PIBAthinned_grid25,PIBA,thinned_grid,25,8,,,,,1516.0979990871,0.0607097844,,,,,,,0.950834816885964
PIBAthinned_grid25,PIBA,thinned_grid,25,10,,,,,1834.7295667495,0.1389211236,,,,,,,0.947377152984153
PIBAthinned_grid25,PIBA,thinned_grid,25,12,,,,,2132.7270155064,0.2703069426,,,,,,,0.941047097964302
PIBAthinned_grid25,PIBA,thinned_grid,25,14,,,,,2411.6100166775,0.4704293367,,,,,,,0.930022096210762
PIBAthinned_grid25,PIBA,thinned_grid,25,16,,,,,2672.7782009366,0.7547271516,,,,,,,0.911067151133003
PIBAthinned_grid25,PIBA,thinned_grid,25,18,,,,,2917.521066812,1.1381439111,,,,,,,0.878221089208002
PIBAthinned_grid25,PIBA,thinned_grid,25,20,,,,,3147.0270462734,1.6348770969,,,,,,,0.820670752985627
PIBAthinned_grid25,PIBA,thinned_grid,25,22,,,,,3362.3918007033,2.2582195627,,,,,,,0.721152688964275
PIBAthinned_grid25,PIBA,thinned_grid,25,24,,,,,3564.6258140704,3.0204701409,,,,,,,0.562741253283703
PIBAthinned_grid25,PIBA,thinned_grid,25,26,,,,,3754.6613442175,3.932895496,,,,,,,0.358221433719863
PIBAthinned_grid25,PIBA,thinned_grid,25,28,,,,,3933.3587878123,5.0057292602,,,,,,,0.172881222178631
PIBAthinned_grid25,PIBA,thinned_grid,25,30,,,,,4101.5125096083,6.2481976357,,,,,,,0.0628020411389364
PIBAthinned_grid25,PIBA,thinned_grid,25,35,,,,,4480.4465492697,10.1485234081,,,,,,,0.00188128396259845
PIBAthinned_grid25,PIBA,thinned_grid,25,40,,,,,4807.9424114018,15.2637999229,,,,,,,0.000017430045321522
PIBAthinned_grid25,PIBA,thinned_grid,25,45,,,,,5092.2473678395,21.670462487,,,,,,,0.0000000494141748622688
PIBAthinned_grid25,PIBA,thinned_grid,25,50,,,,,5340.1616734912,29.4220539466,,,,,,,0.0000000000408901387625687
PIBAthinned_grid25,PIBA,thinned_grid,25,55,,,,,5557.3070185211,38.55478873,,,,,,,9.55448624700098E-015
PIBAthinned_grid25,PIBA,thinned_grid,25,60,,,,,5748.3432667816,49.0921505595,,,,,,,6.16992806168193E-019
MW1control12,MW,1control,12,2,,5,7.77,,605.4514574557,0.0005223834,,,,,,,0.953347824610734
MW1control12,MW,1control,12,4,,5,7.77,,1157.6247392324,0.0076388204,,,,,,,0.953057181955932
MW1control12,MW,1control,12,6,,5,7.77,,1661.770085747,0.0354172708,,,,,,,0.951906127179295
MW1control12,MW,1control,12,8,,5,7.77,,2122.5871410641,0.1027263246,,,,,,,0.949004960869906
MW1control12,MW,1control,12,10,,5,7.77,,2544.2850201875,0.2306227997,,,,,,,0.943030782042479
MW1control12,MW,1control,12,12,,5,7.77,,2930.6356417258,0.4406125514,,,,,,,0.931778037606768
MW1control12,MW,1control,12,14,,5,7.77,,3285.0210962999,0.7535344556,,,,,,,0.911155588883223
MW1control12,MW,1control,12,16,,5,7.77,,3610.475731582,1.1888841681,,,,,,,0.873164728127636
MW1control12,MW,1control,12,18,,5,7.77,,3909.7235558837,1.7644438005,,,,,,,0.802544089821314
MW1control12,MW,1control,12,20,,5,7.77,,4185.2114925244,2.49612039,,,,,,,0.675325643429714
MW1control12,MW,1control,12,22,,5,7.77,,4439.1389556887,3.3979232037,,,,,,,0.476694683039651
MW1control12,MW,1control,12,24,,5,7.77,,4673.4841641658,4.4820299313,,,,,,,0.252398377540725
MW1control12,MW,1control,12,26,,5,7.77,,4890.0275614014,5.7589065056,,,,,,,0.094925233364102
MW1control12,MW,1control,12,28,,5,7.77,,5090.3726679294,7.2374560178,,,,,,,0.0263742306635813
MW1control12,MW,1control,12,30,,5,7.77,,5275.9646548253,8.9251799764,,,,,,,0.00574385390689673
MW1control12,MW,1control,12,35,,5,7.77,,5683.643714575,14.0980971385,,,,,,,0.0000506754500410019
MW1control12,MW,1control,12,40,,5,7.77,,6024.0656914341,20.6856941478,,,,,,,0.0000001217365091953
MW1control12,MW,1control,12,45,,5,7.77,,6310.5614197854,28.7297430446,,,,,,,0.0000000000770724706588289
MW1control12,MW,1control,12,50,,5,7.77,,6553.5420149861,38.2527712065,,,,,,,0.0000000000000125978753809205
MW1control12,MW,1control,12,55,,5,7.77,,6761.1790795755,49.2652822332,,,,,,,5.2654861530799E-019
MW1control12,MW,1control,12,60,,5,7.77,,6939.9197276203,61.7706417169,,,,,,,5.61027998919954E-024
MW1control25,MW,1control,25,2,,5,13,,1433.2147532918,0.0012468562,,,,,,,0.953318314812478
MW1control25,MW,1control,25,4,,5,13,,2717.0557650072,0.0179246598,,,,,,,0.952634053884877
MW1control25,MW,1control,25,6,,5,13,,3868.9415309153,0.0817750218,,,,,,,0.949925325616342
MW1control25,MW,1control,25,8,,5,13,,4904.1299451628,0.2335811257,,,,,,,0.942885094096147
MW1control25,MW,1control,25,10,,5,13,,5835.9970247909,0.5168493308,,,,,,,0.927205052044326
MW1control25,MW,1control,25,12,,5,13,,6676.278687683,0.9740140936,,,,,,,0.893401159578689
MW1control25,MW,1control,25,14,,5,13,,7435.2805800925,1.6443135275,,,,,,,0.819395723347704
MW1control25,MW,1control,25,16,,5,13,,8122.0602638895,2.5627498397,,,,,,,0.661809535619412
MW1control25,MW,1control,25,18,,5,13,,8744.5854829959,3.7597355597,,,,,,,0.395427908448732
MW1control25,MW,1control,25,20,,5,13,,9309.8717197638,5.2611564893,,,,,,,0.141947946642066
MW1control25,MW,1control,25,22,,5,13,,9824.1018138147,7.0886723938,,,,,,,0.0301072887409874
MW1control25,MW,1control,25,24,,5,13,,10292.7300382211,9.2601384985,,,,,,,0.00423325625225616
MW1control25,MW,1control,25,26,,5,13,,10720.5727024186,11.7900732502,,,,,,,0.000419148063842682
MW1control25,MW,1control,25,28,,5,13,,11111.8870706,14.6901264932,,,,,,,0.0000294713927541657
MW1control25,MW,1control,25,30,,5,13,,11470.4401423129,17.969521385,,,,,,,0.00000146366170277484
MW1control25,MW,1control,25,35,,5,13,,12244.4706141156,27.8708330546,,,,,,,0.000000000169209241372933
MW1control25,MW,1control,25,40,,5,13,,12876.2630369129,40.2562667385,,,,,,,2.01212860405897E-015
MW1control25,MW,1control,25,45,,5,13,,13397.6426753587,55.1589059441,,,,,,,2.38770933660069E-021
MW1control25,MW,1control,25,50,,5,13,,13832.5029479332,72.5897642912,,,,,,,2.79912276779667E-028
MW1control25,MW,1control,25,55,,5,13,,14198.9188483661,92.5485817268,,,,,,,3.24250463944181E-036
MW1control25,MW,1control,25,60,,5,13,,14510.6714309076,115.0300615433,,,,,,,3.72961105550196E-045
MWprune2mnosapling12,MW,prune2mnosapling,12,2,,,,,738.1879876325,0.0008364752,,,,,,,0.953335032954644
MWprune2mnosapling12,MW,prune2mnosapling,12,4,,,,,1414.3670234704,0.0122829686,,,,,,,0.95286658268083
MWprune2mnosapling12,MW,prune2mnosapling,12,6,,,,,2034.3715027741,0.0571771023,,,,,,,0.950985798607743
MWprune2mnosapling12,MW,prune2mnosapling,12,8,,,,,2603.4515563726,0.1664708089,,,,,,,0.946105380225337
MWprune2mnosapling12,MW,prune2mnosapling,12,10,,,,,3126.3339203926,0.3750851231,,,,,,,0.935494384326982
MWprune2mnosapling12,MW,prune2mnosapling,12,12,,,,,3607.276288478,0.7190853154,,,,,,,0.913675934096121
MWprune2mnosapling12,MW,prune2mnosapling,12,14,,,,,4050.1158585093,1.2338150941,,,,,,,0.868538487385315
MWprune2mnosapling12,MW,prune2mnosapling,12,16,,,,,4458.3127068399,1.9527207109,,,,,,,0.773799546960356
MWprune2mnosapling12,MW,prune2mnosapling,12,18,,,,,4834.988552953,2.9066652892,,,,,,,0.588190696122299
MWprune2mnosapling12,MW,prune2mnosapling,12,20,,,,,5182.9614151821,4.1235860007,,,,,,,0.319149740797251
MWprune2mnosapling12,MW,prune2mnosapling,12,22,,,,,5504.7766028621,5.6283859897,,,,,,,0.105700824566215
MWprune2mnosapling12,MW,prune2mnosapling,12,24,,,,,5802.7344411759,7.4429823438,,,,,,,0.0219495895698007
MWprune2mnosapling12,MW,prune2mnosapling,12,26,,,,,6078.9150813533,9.5864533434,,,,,,,0.00314339112207895
MWprune2mnosapling12,MW,prune2mnosapling,12,28,,,,,6335.2007101278,12.0752445172,,,,,,,0.00032286267039614
MWprune2mnosapling12,MW,prune2mnosapling,12,30,,,,,6573.2954379309,14.9234050777,,,,,,,0.000023803758250649
MWprune2mnosapling12,MW,prune2mnosapling,12,35,,,,,7098.7270320396,23.6895142432,,,,,,,0.00000000778080329716953
MWprune2mnosapling12,MW,prune2mnosapling,12,40,,,,,7540.1803374625,34.909414295,,,,,,,0.000000000000268969089942783
MWprune2mnosapling12,MW,prune2mnosapling,12,45,,,,,7913.7280523277,48.6683234233,,,,,,,9.09504216979709E-019
MWprune2mnosapling12,MW,prune2mnosapling,12,50,,,,,8232.050208092,65.0152360368,,,,,,,2.87640495185217E-025
MWprune2mnosapling12,MW,prune2mnosapling,12,55,,,,,8505.1950088708,83.9755861846,,,,,,,8.31237391361513E-033
MWprune2mnosapling12,MW,prune2mnosapling,12,60,,,,,8741.1619534846,105.560137709,,,,,,,2.17345105413559E-041
MWprune2mnosapling25,MW,prune2mnosapling,25,2,,,,,1777.4898157411,0.0019795019,,,,,,,0.953288454055844
MWprune2mnosapling25,MW,prune2mnosapling,25,4,,,,,3373.995832386,0.028529277,,,,,,,0.952194019129644
MWprune2mnosapling25,MW,prune2mnosapling,25,6,,,,,4810.1387452321,0.1304666187,,,,,,,0.947761720131688
MWprune2mnosapling25,MW,prune2mnosapling,25,8,,,,,6104.0399176762,0.3735049858,,,,,,,0.93558163126604
MWprune2mnosapling25,MW,prune2mnosapling,25,10,,,,,7271.6364446817,0.8282205737,,,,,,,0.905462292149329
MWprune2mnosapling25,MW,prune2mnosapling,25,12,,,,,8326.9554048505,1.5639276898,,,,,,,0.830032479623356
MWprune2mnosapling25,MW,prune2mnosapling,25,14,,,,,9282.3526941478,2.6451719126,,,,,,,0.644719016137933
MWprune2mnosapling25,MW,prune2mnosapling,25,16,,,,,10148.721110685,4.129945313,,,,,,,0.317885912003652
MWprune2mnosapling25,MW,prune2mnosapling,25,18,,,,,10935.6717345996,6.0690070205,,,,,,,0.0731794118229214
MWprune2mnosapling25,MW,prune2mnosapling,25,20,,,,,11651.6921065057,8.505888601,,,,,,,0.00840927658951866
MWprune2mnosapling25,MW,prune2mnosapling,25,22,,,,,12304.28424061,11.4773009972,,,,,,,0.000558050416925354
MWprune2mnosapling25,MW,prune2mnosapling,25,24,,,,,12900.0851043849,15.0137553116,,,,,,,0.0000219139549745032
MWprune2mnosapling25,MW,prune2mnosapling,25,26,,,,,13444.9718470283,19.1402757211,,,,,,,0.000000501093723992184
MWprune2mnosapling25,MW,prune2mnosapling,25,28,,,,,13944.1537563873,23.8771280142,,,,,,,0.00000000655276141204152
MWprune2mnosapling25,MW,prune2mnosapling,25,30,,,,,14402.2526621503,29.240517865,,,,,,,0.0000000000482838641572581
MWprune2mnosapling25,MW,prune2mnosapling,25,35,,,,,15393.5913035229,45.46714577,,,,,,,1.70480863764401E-017
MWprune2mnosapling25,MW,prune2mnosapling,25,40,,,,,16205.309693305,65.8137068086,,,,,,,1.38470552385718E-025
MWprune2mnosapling25,MW,prune2mnosapling,25,45,,,,,16876.9564679222,90.3430996976,,,,,,,2.44251493354677E-035
MWprune2mnosapling25,MW,prune2mnosapling,25,50,,,,,17438.3923645706,119.0788407756,,,,,,,9.15723463958385E-047
MWprune2mnosapling25,MW,prune2mnosapling,25,55,,,,,17912.325367112,152.0236015342,,,,,,,7.27908037586997E-060
MWprune2mnosapling25,MW,prune2mnosapling,25,60,,,,,18316.1523874886,189.170188397,,,,,,,1.234906557708E-074
MWprune5mnosapling12,MW,prune5mnosapling,12,2,,,,,733.4497196718,0.0009736966,,,,,,,0.953329443449317
MWprune5mnosapling12,MW,prune5mnosapling,12,4,,,,,1410.5581516666,0.0144053875,,,,,,,0.952779232335796
MWprune5mnosapling12,MW,prune5mnosapling,12,6,,,,,2036.1748935047,0.067539156,,,,,,,0.950541688197066
MWprune5mnosapling12,MW,prune5mnosapling,12,8,,,,,2614.705175255,0.1979923448,,,,,,,0.944614716348847
MWprune5mnosapling12,MW,prune5mnosapling,12,10,,,,,3150.1522244752,0.4490410589,,,,,,,0.931285856494645
MWprune5mnosapling12,MW,prune5mnosapling,12,12,,,,,3646.1554797896,0.8662751013,,,,,,,0.902437423815811
MWprune5mnosapling12,MW,prune5mnosapling,12,14,,,,,4106.025068173,1.495279008,,,,,,,0.838716621423311
MWprune5mnosapling12,MW,prune5mnosapling,12,16,,,,,4532.7729188625,2.3800762039,,,,,,,0.698174191572637
MWprune5mnosapling12,MW,prune5mnosapling,12,18,,,,,4929.1408490095,3.5621355248,,,,,,,0.439390437764652
MWprune5mnosapling12,MW,prune5mnosapling,12,20,,,,,5297.6259222496,5.0797874444,,,,,,,0.163399466363201
MWprune5mnosapling12,MW,prune5mnosapling,12,22,,,,,5640.5033509211,6.9679344552,,,,,,,0.0335084647083605
MWprune5mnosapling12,MW,prune5mnosapling,12,24,,,,,5959.8471853257,9.2579686103,,,,,,,0.00424163902376014
MWprune5mnosapling12,MW,prune5mnosapling,12,26,,,,,6257.5490088941,11.9778311687,,,,,,,0.000352970831304602
MWprune5mnosapling12,MW,prune5mnosapling,12,28,,,,,6535.3348360851,15.1521660681,,,,,,,0.0000193057290129809
MWprune5mnosapling12,MW,prune5mnosapling,12,30,,,,,6794.7803900682,18.8025317581,,,,,,,0.000000682675957337477
MWprune5mnosapling12,MW,prune5mnosapling,12,35,,,,,7372.2983591144,30.1276228861,,,,,,,0.000000000021432170198306
MWprune5mnosapling12,MW,prune5mnosapling,12,40,,,,,7863.1687435521,44.7649543647,,,,,,,3.24253802102451E-017
MWprune5mnosapling12,MW,prune5mnosapling,12,45,,,,,8282.867564667,62.8650744823,,,,,,,2.05972765268984E-024
MWprune5mnosapling12,MW,prune5mnosapling,12,50,,,,,8643.8326107858,84.5231505755,,,,,,,5.03499826883959E-033
MWprune5mnosapling12,MW,prune5mnosapling,12,55,,,,,8956.0958175419,109.7958217606,,,,,,,4.49709932234786E-043
MWprune5mnosapling12,MW,prune5mnosapling,12,60,,,,,9227.7787387544,138.7138475003,,,,,,,1.42685060712813E-054
MWprune5mnosapling25,MW,prune5mnosapling,25,2,,,,,1699.1453371638,0.0021084753,,,,,,,0.953283195551395
MWprune5mnosapling25,MW,prune5mnosapling,25,4,,,,,3230.7601255025,0.030491366,,,,,,,0.952112178402279
MWprune5mnosapling25,MW,prune5mnosapling,25,6,,,,,4613.3313288673,0.1398876147,,,,,,,0.947333020607368
MWprune5mnosapling25,MW,prune5mnosapling,25,8,,,,,5863.175542782,0.4016920522,,,,,,,0.934008674475035
MWprune5mnosapling25,MW,prune5mnosapling,25,10,,,,,6994.7040137936,0.8932770046,,,,,,,0.900239031792516
MWprune5mnosapling25,MW,prune5mnosapling,25,12,,,,,8020.6544047019,1.6913347441,,,,,,,0.812936935971085
MWprune5mnosapling25,MW,prune5mnosapling,25,14,,,,,8952.2935625599,2.8679539406,,,,,,,0.596748103260792
MWprune5mnosapling25,MW,prune5mnosapling,25,16,,,,,9799.5949930087,4.4885254328,,,,,,,0.251277857959351
MWprune5mnosapling25,MW,prune5mnosapling,25,18,,,,,10571.3942639732,6.6108457136,,,,,,,0.0458723171984424
MWprune5mnosapling25,MW,prune5mnosapling,25,20,,,,,11275.5251443477,9.2849809627,,,,,,,0.0041384517787727
MWprune5mnosapling25,MW,prune5mnosapling,25,22,,,,,11918.9389206409,12.5535923216,,,,,,,0.000208383881218984
MWprune5mnosapling25,MW,prune5mnosapling,25,24,,,,,12507.8090193959,16.4525203636,,,,,,,0.00000586999302899318
MWprune5mnosapling25,MW,prune5mnosapling,25,26,,,,,13047.6227892481,21.0114948898,,,,,,,0.0000000903387480159421
MWprune5mnosapling25,MW,prune5mnosapling,25,28,,,,,13543.2620582974,26.2548836167,,,,,,,0.000000000742963218595264
MWprune5mnosapling25,MW,prune5mnosapling,25,30,,,,,13999.0738753216,32.202426003,,,,,,,0.00000000000320679234974161
MWprune5mnosapling25,MW,prune5mnosapling,25,35,,,,,14988.7675185013,50.2476096534,,,,,,,2.14209989354343E-019
MWprune5mnosapling25,MW,prune5mnosapling,25,40,,,,,15802.6659013219,72.9504827474,,,,,,,2.01182857044948E-028
MWprune5mnosapling25,MW,prune5mnosapling,25,45,,,,,16478.6138260937,100.3954084062,,,,,,,2.45911952501648E-039
MWprune5mnosapling25,MW,prune5mnosapling,25,50,,,,,17045.4065145782,132.6179180515,,,,,,,3.78684481964792E-052
MWprune5mnosapling25,MW,prune5mnosapling,25,55,,,,,17525.0989194937,169.626540854,,,,,,,7.28942319725407E-067
MWprune5mnosapling25,MW,prune5mnosapling,25,60,,,,,17934.6994474303,211.4161587024,,,,,,,1.76222638308157E-083
